{
  "total_projects": 7383,
  "total_contractors": 2013,
  "total_provinces": 84,
  "global_avg_delay_days": 260.95313558174183,
  "global_total_savings": 13033213452.909956
}